Century,Manuscript
Before 700s,01
Before 700s,03
Before 700s,02
Before 700s,048
Before 700s,0296
700s-800s,018
700s-800s,020
700s-800s,025
700s-800s,049
700s-800s,0142
700s-800s,1424
700s-800s,1862
700s-800s,1895
700s-800s,2464
900s,044
900s,056
900s,82
900s,93
900s,175
900s,181
900s,221
900s,307
900s,326
900s,398
900s,450
900s,454
900s,456
900s,457
900s,602
900s,605
900s,619
900s,627
900s,832
900s,920
900s,1066
900s,1175
900s,1720
900s,1739
900s,1829
900s,1836
900s,1837
900s,1841
900s,1845
900s,1851
900s,1871
900s,1874
900s,1875
900s,1880
900s,1891
900s,2125
900s,2147
1000s,35
1000s,36
1000s,2
1000s,42
1000s,43
1000s,81
1000s,104
1000s,131
1000s,133
1000s,142
1000s,177
1000s,250
1000s,302
1000s,325
1000s,312
1000s,314
1000s,424
1000s,436
1000s,451
1000s,458
1000s,459
1000s,462
1000s,464
1000s,465
1000s,466
1000s,491
1000s,506
1000s,517
1000s,547
1000s,606
1000s,607
1000s,617
1000s,623
1000s,624
1000s,635
1000s,638
1000s,639
1000s,641
1000s,699
1000s,796
1000s,901
1000s,910
1000s,919
1000s,945
1000s,1162
1000s,1243
1000s,1244
1000s,1270
1000s,1311
1000s,1384
1000s,1521
1000s,1668
1000s,1724
1000s,1730
1000s,1735
1000s,1738
1000s,1828
1000s,1835
1000s,1838
1000s,1846
1000s,1847
1000s,1849
1000s,1854
1000s,1870
1000s,1888
1000s,2138
1000s,2191
1000s,2344
1000s,2475
1000s,2587
1000s,2723
1000s,2746
1100s,3
1100s,38
1100s,1
1100s,57
1100s,88
1100s,94
1100s,97
1100s,103
1100s,105
1100s,110
1100s,180
1100s,203
1100s,226
1100s,256
1100s,319
1100s,321
1100s,323
1100s,330
1100s,337
1100s,365
1100s,431
1100s,440
1100s,442
1100s,452
1100s,618
1100s,620
1100s,622
1100s,625
1100s,632
1100s,637
1100s,656
1100s,720
1100s,876
1100s,917
1100s,922
1100s,927
1100s,1058
1100s,1115
1100s,1127
1100s,1241
1100s,1245
1100s,1315
1100s,1319
1100s,1359
1100s,1360
1100s,1448
1100s,1490
1100s,1505
1100s,1573
1100s,1611
1100s,1646
1100s,1673
1100s,1718
1100s,1737
1100s,1740
1100s,1743
1100s,1752
1100s,1754
1100s,1850
1100s,1853
1100s,1863
1100s,1867
1100s,1868
1100s,1872
1100s,1885
1100s,1889
1100s,1893
1100s,1894
1100s,1897
1100s,2127
1100s,2143
1100s,2186
1100s,2194
1100s,2289
1100s,2298
1100s,2401
1100s,2412
1100s,2541
1100s,2625
1100s,2712
1100s,2718
1100s,2736
1100s,2805
1200s,4
1200s,5
1200s,6
1200s,51
1200s,204
1200s,206
1200s,172
1200s,141
1200s,218
1200s,234
1200s,263
1200s,327
1200s,328
1200s,378
1200s,383
1200s,384
1200s,390
1200s,460
1200s,468
1200s,469
1200s,479
1200s,483
1200s,496
1200s,592
1200s,601
1200s,614
1200s,643
1200s,665
1200s,757
1200s,912
1200s,914
1200s,915
1200s,941
1200s,999
1200s,1069
1200s,1070
1200s,1072
1200s,1094
1200s,1103
1200s,1107
1200s,1149
1200s,1161
1200s,1242
1200s,1251
1200s,1292
1200s,1297
1200s,1352
1200s,1398
1200s,1400
1200s,1404
1200s,1456
1200s,1501
1200s,1509
1200s,1523
1200s,1563
1200s,1594
1200s,1595
1200s,1597
1200s,1609
1200s,1642
1200s,1719
1200s,1722
1200s,1727
1200s,1728
1200s,1731
1200s,1736
1200s,1758
1200s,1780
1200s,1827
1200s,1839
1200s,1842
1200s,1843
1200s,1852
1200s,1855
1200s,1857
1200s,1858
1200s,1860
1200s,1864
1200s,1865
1200s,1873
1200s,2180
1200s,2374
1200s,2400
1200s,2404
1200s,2423
1200s,2483
1200s,2502
1200s,2558
1200s,2627
1200s,2696
1300s,18
1300s,62
1300s,76
1300s,189
1300s,201
1300s,209
1300s,216
1300s,223
1300s,254
1300s,308
1300s,363
1300s,367
1300s,386
1300s,393
1300s,394
1300s,404
1300s,421
